SegmentID,District
1632,7
1635,7
1636,7
1637,7
1638,7
1639,7
1640,7
1641,7
1642,7
1643,7
1644,7
1645,7
1646,7
1647,7
1648,7
1649,7
1650,7
1651,7
1652,7
1660,7
1661,7
1663,7
1664,7
1665,7
1668,7
1669,7
1672,7
1673,7
1675,7
1676,7
1677,7
1678,7
1679,7
1680,7
1681,7
1682,7
1683,7
1702,7
1703,7
1704,7
1707,7
1709,7
1713,7
1731,7
1937,7
1939,7
1940,7
1941,7
1942,7
1944,7
1946,7
1947,7
1948,7
1949,7
1950,7
1951,7
1953,7
1957,7
1958,7
1959,7
1960,7
1961,7
1963,7
1966,7
1967,7
1973,7
2272,7
2379,7
2657,7
2787,7
2792,7
2793,7
2890,7
3187,7
3248,7
3594,7
4638,7
4691,7
4692,7
4737,7
4939,7
4974,7
5034,7
5211,7
5888,7
5925,7
5951,7
5955,7
5957,7
5963,7
5974,7
6157,7
6785,7
6811,7
6812,7
7206,7
7451,7
7889,7
7891,7
8167,7
8240,7
9923,7
10123,7
10124,7
10331,7
10678,7
10845,7
10907,7
10978,7
11163,7
11175,7
11717,7
11782,7
11783,7
11940,7
12034,7
12341,7
12342,7
12343,7
12344,7
12698,7
12737,7
12761,7
13612,7
13706,7
13905,7
14243,7
14440,7
14584,7
15056,7
15364,7
15641,7
15642,7
15643,7
15644,7
15785,7
15786,7
15803,7
16487,7
16913,7
17148,7
18195,7
18427,7
18436,7
18499,7
18792,7
18867,7
19074,7
19513,7
19546,7
19637,7
19697,7
19701,7
19899,7
19933,7
19942,7
19944,7
19945,7
20005,7
20042,7
20070,7
20071,7
20075,7
20317,7
20318,7
20319,7
20463,7
20611,7
20612,7
20996,7
21001,7
21413,7
21486,7
21703,7
21851,7
21934,7
22149,7
22176,7
22330,7
24683,7
24904,7
25155,7
25448,7
25515,7
26008,7
26220,7
26240,7
26489,7
26538,7
26636,7
26651,7
27145,7
27285,7
27831,7
27832,7
27854,7
27855,7
27965,7
27966,7
27967,7
27968,7
27969,7
27970,7
27971,7
27972,7
27973,7
27975,7
27976,7
27987,7
28293,7
30111,7
30234,7
30348,7
30378,7
30466,7
30692,7
30738,7
31175,7
31209,7
31555,7
31556,7
31712,7
31886,7
32054,7
32179,7
32241,7
32248,7
32448,7
32571,7
32589,7
32593,7
32597,7
32646,7
32826,7
32827,7
32976,7
33043,7
33136,7
37695,7
37708,7
38697,7
38714,7
38751,7
38752,7
38795,7
38812,7
40159,7
40179,7
40221,7
41512,7
41516,7
41517,7
41518,7
41634,7
42876,7
42878,7
42902,7
42927,7
42986,7
44685,7
44687,7
44688,7
44689,7
44690,7
44691,7
44692,7
44693,7
44694,7
44695,7
44696,7
44697,7
44698,7
44699,7
44700,7
44705,7
44706,7
44707,7
44708,7
44709,7
44710,7
44711,7
44712,7
44713,7
44714,7
44716,7
44717,7
44718,7
44745,7
44800,7
44802,7
44804,7
44805,7
44806,7
44807,7
44808,7
44809,7
44810,7
44811,7
44813,7
44820,7
44824,7
44837,7
44848,7
44863,7
44870,7
44871,7
44872,7
44873,7
44874,7
44875,7
44876,7
44877,7
44878,7
44879,7
44880,7
44881,7
44886,7
44889,7
44890,7
44904,7
44905,7
44925,7
44927,7
44930,7
44952,7
44953,7
44954,7
44957,7
44997,7
44999,7
45004,7
45007,7
45009,7
45013,7
45014,7
45015,7
45041,7
45057,7
45073,7
45076,7
45081,7
45085,7
45087,7
45089,7
45108,7
45119,7
45122,7
45123,7
45128,7
45135,7
45136,7
45147,7
45148,7
45149,7
45150,7
45151,7
45152,7
45163,7
45177,7
45178,7
45179,7
45180,7
45186,7
45192,7
45196,7
45212,7
45216,7
45222,7
45223,7
45224,7
45227,7
45233,7
45234,7
45255,7
45258,7
45260,7
45261,7
45262,7
45270,7
45279,7
45301,7
45302,7
45304,7
45305,7
45309,7
45311,7
45319,7
45330,7
45332,7
45337,7
45341,7
45342,7
45346,7
45350,7
45377,7
45378,7
45387,7
45388,7
45417,7
45418,7
45431,7
45433,7
45447,7
45451,7
45456,7
45461,7
45475,7
45493,7
45494,7
45495,7
45505,7
45516,7
45520,7
45524,7
45529,7
45537,7
45539,7
45541,7
45548,7
45560,7
45572,7
45573,7
45580,7
45583,7
45589,7
45591,7
45601,7
45602,7
45603,7
45614,7
45615,7
45627,7
45628,7
45674,7
45697,7
45701,7
45707,7
45709,7
45711,7
45712,7
45715,7
45718,7
45719,7
45728,7
45746,7
45747,7
45748,7
45749,7
45764,7
45770,7
45771,7
45850,7
45852,7
45854,7
45855,7
45862,7
45863,7
45879,7
45897,7
45898,7
45902,7
45903,7
45904,7
45914,7
45917,7
45922,7
45939,7
45944,7
45946,7
45951,7
45962,7
45991,7
45993,7
46003,7
46005,7
46006,7
46026,7
46032,7
46033,7
46067,7
46068,7
46069,7
46070,7
46071,7
46072,7
46073,7
46076,7
46084,7
46085,7
46086,7
46087,7
46088,7
46090,7
46091,7
46093,7
46096,7
46121,7
46122,7
46123,7
46124,7
46126,7
46127,7
46128,7
46129,7
46138,7
46142,7
46146,7
46152,7
46154,7
46155,7
46156,7
46159,7
46160,7
46162,7
46163,7
46164,7
46168,7
46173,7
46193,7
46210,7
46211,7
46212,7
46214,7
46240,7
46244,7
46247,7
46271,7
46272,7
46273,7
46479,7
1771,12
1772,12
1773,12
1774,12
1775,12
1776,12
1777,12
1778,12
1779,12
1780,12
1781,12
1782,12
1783,12
1785,12
1786,12
1788,12
1789,12
1791,12
1792,12
1793,12
1797,12
1798,12
1799,12
1800,12
1802,12
1804,12
1806,12
1807,12
1808,12
1809,12
1810,12
1811,12
1815,12
1816,12
1817,12
1818,12
1819,12
1820,12
1822,12
1823,12
1824,12
1825,12
1826,12
1827,12
1828,12
1831,12
1835,12
1836,12
1837,12
1838,12
1841,12
1842,12
1843,12
1846,12
1851,12
1852,12
1853,12
2011,12
2012,12
2013,12
2014,12
2015,12
2016,12
2017,12
2018,12
2019,12
2020,12
2021,12
2022,12
2023,12
2024,12
2026,12
2027,12
2029,12
2030,12
2032,12
2034,12
2114,12
2943,12
3129,12
3230,12
3231,12
3621,12
4036,12
4148,12
4160,12
4261,12
4456,12
4800,12
4962,12
5007,12
5154,12
5219,12
5303,12
5962,12
6102,12
6400,12
6796,12
7116,12
7546,12
7729,12
7797,12
7858,12
7859,12
7861,12
7958,12
7959,12
8012,12
8166,12
8257,12
8594,12
10388,12
10571,12
10607,12
10631,12
11011,12
11131,12
11282,12
11383,12
11918,12
12227,12
12678,12
12742,12
12874,12
12971,12
13077,12
13311,12
13599,12
13636,12
13805,12
13916,12
13965,12
14117,12
14130,12
14229,12
14353,12
14576,12
15282,12
15291,12
15292,12
15379,12
15541,12
15542,12
15915,12
16490,12
16515,12
16519,12
16530,12
16756,12
16769,12
16979,12
17223,12
17287,12
17797,12
18039,12
18085,12
18086,12
18226,12
18336,12
18450,12
18480,12
18498,12
18649,12
18768,12
18866,12
18903,12
19036,12
19200,12
19652,12
19757,12
19916,12
19974,12
20884,12
20986,12
21023,12
21024,12
21045,12
21046,12
21047,12
21094,12
21095,12
21098,12
21202,12
21309,12
21455,12
21706,12
21715,12
21716,12
21899,12
22045,12
22046,12
22283,12
24541,12
24544,12
24944,12
25328,12
25409,12
26554,12
26650,12
26676,12
26845,12
27008,12
27131,12
27395,12
27623,12
28083,12
28120,12
28121,12
28214,12
30112,12
30179,12
30233,12
30393,12
30477,12
30583,12
30712,12
30922,12
30924,12
32277,12
32350,12
32598,12
32599,12
32656,12
32830,12
32979,12
33028,12
33037,12
33110,12
33118,12
33120,12
33138,12
33139,12
33145,12
33149,12
33166,12
33211,12
33213,12
33215,12
33570,12
33655,12
33657,12
33836,12
34085,12
34087,12
34088,12
34091,12
34092,12
34094,12
34100,12
37686,12
37688,12
37692,12
37693,12
38704,12
38710,12
38711,12
38712,12
38715,12
38750,12
38776,12
38796,12
38802,12
38811,12
38867,12
40158,12
40214,12
41501,12
41528,12
41530,12
41531,12
41532,12
41534,12
41577,12
41579,12
41602,12
41611,12
41613,12
41614,12
41615,12
41627,12
41653,12
41654,12
41670,12
42893,12
42924,12
42926,12
42931,12
42932,12
42934,12
42985,12
43016,12
43018,12
43019,12
43023,12
43064,12
43089,12
43120,12
43126,12
43141,12
44406,12
44732,12
44733,12
44734,12
44735,12
44736,12
44737,12
44739,12
44740,12
44741,12
44742,12
44743,12
44818,12
44829,12
44831,12
44835,12
44836,12
44849,12
44855,12
44861,12
44865,12
44866,12
44867,12
44868,12
44869,12
44884,12
44893,12
44903,12
44906,12
44907,12
44916,12
44917,12
44935,12
44937,12
44943,12
44949,12
44950,12
44955,12
44963,12
44988,12
44993,12
44994,12
44995,12
44996,12
44998,12
45005,12
45012,12
45023,12
45038,12
45042,12
45050,12
45051,12
45075,12
45080,12
45086,12
45091,12
45092,12
45093,12
45094,12
45095,12
45096,12
45097,12
45098,12
45099,12
45111,12
45117,12
45121,12
45124,12
45138,12
45139,12
45168,12
45169,12
45170,12
45171,12
45172,12
45181,12
45187,12
45188,12
45195,12
45199,12
45200,12
45201,12
45202,12
45203,12
45204,12
45205,12
45213,12
45215,12
45218,12
45225,12
45240,12
45244,12
45246,12
45247,12
45253,12
45256,12
45257,12
45263,12
45264,12
45265,12
45275,12
45276,12
45283,12
45289,12
45292,12
45293,12
45294,12
45295,12
45296,12
45303,12
45307,12
45312,12
45314,12
45320,12
45321,12
45322,12
45323,12
45324,12
45325,12
45331,12
45333,12
45336,12
45349,12
45351,12
45352,12
45354,12
45355,12
45381,12
45389,12
45391,12
45406,12
45412,12
45414,12
45426,12
45428,12
45437,12
45440,12
45441,12
45442,12
45454,12
45455,12
45470,12
45477,12
45479,12
45480,12
45481,12
45482,12
45521,12
45547,12
45550,12
45553,12
45555,12
45559,12
45571,12
45574,12
45576,12
45578,12
45581,12
45582,12
45590,12
45598,12
45620,12
45621,12
45624,12
45637,12
45639,12
45641,12
45642,12
45643,12
45668,12
45669,12
45672,12
45673,12
45687,12
45688,12
45689,12
45698,12
45720,12
45726,12
45727,12
45729,12
45732,12
45737,12
45738,12
45739,12
45769,12
45834,12
45836,12
45841,12
45844,12
45845,12
45846,12
45847,12
45848,12
45849,12
45853,12
45859,12
45860,12
45861,12
45864,12
45865,12
45867,12
45868,12
45869,12
45870,12
45871,12
45872,12
45873,12
45874,12
45875,12
45877,12
45878,12
45880,12
45883,12
45891,12
45893,12
45894,12
45895,12
45896,12
45905,12
45906,12
45919,12
45935,12
45938,12
45960,12
45981,12
45985,12
45986,12
45988,12
45990,12
45995,12
45996,12
45997,12
45998,12
45999,12
46000,12
46001,12
46002,12
46022,12
46023,12
46030,12
46031,12
46034,12
46035,12
46038,12
46041,12
46044,12
46047,12
46048,12
46055,12
46056,12
46059,12
46060,12
46064,12
46066,12
46074,12
46092,12
46131,12
46137,12
46139,12
46161,12
46165,12
46175,12
46198,12
46213,12
46216,12
46217,12
46218,12
46219,12
46220,12
46221,12
46222,12
46226,12
46228,12
46230,12
46236,12
46237,12
46238,12
46239,12
46241,12
46242,12
46243,12
46245,12
46246,12
46251,12
46253,12
46254,12
46255,12
46258,12
46259,12
46260,12
46261,12
46262,12
46263,12
46264,12
46265,12
46266,12
46267,12
46268,12
46280,12
46438,12
46448,12
1201,6
1202,6
1208,6
1737,6
2718,6
3018,6
5319,6
5419,6
7720,6
10287,6
10434,6
10438,6
11289,6
11321,6
12388,6
12648,6
14059,6
15102,6
15346,6
15676,6
16956,6
17820,6
18341,6
18342,6
18556,6
18573,6
18576,6
19569,6
19666,6
19958,6
20701,6
21048,6
26773,6
27055,6
28297,6
29996,6
30231,6
30242,6
30735,6
30934,6
30936,6
30938,6
31220,6
31675,6
31775,6
32996,6
33057,6
33064,6
33114,6
33135,6
33147,6
33165,6
33483,6
33639,6
33673,6
33681,6
33698,6
33712,6
33736,6
33765,6
33766,6
34181,6
34187,6
34202,6
34232,6
34239,6
37701,6
37793,6
37794,6
38798,6
38888,6
40209,6
40236,6
40379,6
40393,6
41536,6
41731,6
41790,6
43025,6
43101,6
43162,6
44648,6
44887,6
44940,6
44961,6
45109,6
45113,6
45154,6
45231,6
45474,6
45506,6
45512,6
45974,6
46036,6
46117,6
46120,6
46135,6
46524,6
1239,3
1258,3
1856,3
1857,3
1859,3
1860,3
1861,3
1862,3
1863,3
1864,3
1865,3
1866,3
1867,3
1868,3
2036,3
2038,3
2039,3
2040,3
2041,3
2042,3
2043,3
2044,3
2045,3
2046,3
2047,3
2048,3
2049,3
2050,3
2051,3
2126,3
2130,3
2131,3
2132,3
2133,3
2139,3
2140,3
2141,3
2142,3
2143,3
2144,3
2145,3
2146,3
2147,3
2148,3
2149,3
2150,3
2151,3
2152,3
2154,3
2156,3
2157,3
2158,3
2159,3
2160,3
2161,3
2162,3
2163,3
2164,3
2165,3
2166,3
2167,3
2168,3
2169,3
2170,3
2171,3
2172,3
2173,3
2174,3
2175,3
2176,3
2177,3
2178,3
2179,3
2181,3
2182,3
2183,3
2184,3
2185,3
2186,3
2187,3
2188,3
2190,3
2191,3
2194,3
2197,3
2198,3
2199,3
2620,3
2827,3
2838,3
3026,3
3154,3
3159,3
3162,3
3591,3
3592,3
3626,3
4063,3
4064,3
4065,3
4066,3
4917,3
4990,3
5059,3
5192,3
5284,3
5424,3
5425,3
5519,3
5569,3
5604,3
5687,3
5947,3
5948,3
5949,3
5986,3
6347,3
6424,3
6980,3
7208,3
7209,3
7210,3
7211,3
7212,3
7215,3
7216,3
7238,3
7465,3
7466,3
7467,3
7723,3
7955,3
8031,3
8032,3
8256,3
8319,3
8392,3
8477,3
9788,3
9918,3
9970,3
10061,3
10443,3
10808,3
10827,3
10977,3
10996,3
10997,3
10998,3
11107,3
11399,3
11802,3
11973,3
12288,3
12605,3
12829,3
12974,3
13200,3
13201,3
13202,3
13543,3
13591,3
13744,3
13745,3
14116,3
14931,3
14932,3
14940,3
15413,3
15900,3
15923,3
15937,3
16159,3
16161,3
16200,3
16293,3
17373,3
17522,3
17539,3
17561,3
17568,3
17793,3
18692,3
18854,3
18961,3
19645,3
19801,3
20439,3
20473,3
20757,3
21004,3
21104,3
21133,3
21151,3
21470,3
21571,3
21782,3
21884,3
21891,3
24475,3
24658,3
24659,3
25458,3
25581,3
25659,3
25907,3
25908,3
26004,3
26142,3
26143,3
26144,3
26145,3
26146,3
26147,3
26223,3
26284,3
26367,3
26437,3
26442,3
26521,3
26860,3
26898,3
26919,3
27553,3
28094,3
30132,3
30202,3
30440,3
30476,3
30573,3
30739,3
30745,3
30812,3
30898,3
30949,3
30996,3
31052,3
31283,3
31343,3
31479,3
31613,3
31940,3
31943,3
32353,3
32679,3
33539,3
33541,3
33602,3
33614,3
33629,3
33813,3
34230,3
34315,3
34539,3
34540,3
34544,3
37814,3
38929,3
39000,3
39011,3
39013,3
39019,3
40315,3
40374,3
40375,3
40521,3
41696,3
43108,3
43188,3
43297,3
44490,3
44746,3
44747,3
44748,3
44749,3
44750,3
44751,3
44752,3
44753,3
44754,3
44755,3
44756,3
44757,3
44758,3
44759,3
44760,3
44761,3
44762,3
44763,3
44764,3
44765,3
44766,3
44767,3
44768,3
44769,3
44770,3
44772,3
44773,3
44774,3
44775,3
44776,3
44777,3
44778,3
44779,3
44780,3
44781,3
44782,3
44783,3
44785,3
44786,3
44787,3
44788,3
44789,3
44790,3
44791,3
44792,3
44793,3
44794,3
44795,3
44796,3
44862,3
44913,3
44941,3
44962,3
45026,3
45112,3
45229,3
45269,3
45395,3
45452,3
45476,3
45499,3
45517,3
45530,3
45564,3
45682,3
45779,3
45953,3
46179,3
46215,3
46289,3
1234,2
1606,2
1611,2
1618,2
2931,2
4286,2
6676,2
6840,2
6912,2
7024,2
7448,2
7522,2
7523,2
9876,2
10294,2
10765,2
10767,2
10770,2
10771,2
10773,2
12131,2
13691,2
13792,2
14017,2
14086,2
14225,2
14855,2
14861,2
17379,2
18211,2
18259,2
19010,2
19068,2
19117,2
19139,2
19196,2
20897,2
21293,2
21657,2
21855,2
24983,2
25121,2
25333,2
26116,2
26138,2
26139,2
26140,2
26261,2
26423,2
26476,2
26826,2
27607,2
27609,2
27884,2
27888,2
27889,2
27890,2
27911,2
27923,2
27939,2
27940,2
27941,2
27942,2
27943,2
27948,2
27952,2
27953,2
27954,2
27958,2
27959,2
27960,2
27961,2
27962,2
27963,2
27964,2
27990,2
27991,2
27992,2
27993,2
27994,2
27995,2
27996,2
27999,2
28002,2
28159,2
28160,2
30969,2
30970,2
30971,2
30974,2
30975,2
30976,2
31030,2
31273,2
32690,2
33276,2
33702,2
33810,2
33878,2
33879,2
33955,2
33960,2
34163,2
34164,2
34169,2
34175,2
34258,2
34259,2
34288,2
34325,2
34337,2
34373,2
34438,2
34473,2
34496,2
34595,2
34602,2
34627,2
34654,2
38756,2
38824,2
38841,2
38907,2
38911,2
38934,2
38982,2
38983,2
38987,2
38994,2
39044,2
39048,2
40371,2
40437,2
40452,2
40509,2
41675,2
41715,2
41771,2
41809,2
41851,2
43214,2
43229,2
43236,2
43260,2
43288,2
44665,2
44666,2
44667,2
44668,2
44669,2
44670,2
44671,2
44672,2
44673,2
44674,2
44675,2
44676,2
44677,2
44678,2
44679,2
44680,2
44681,2
44682,2
44719,2
44720,2
44721,2
44722,2
44723,2
44724,2
44725,2
44726,2
44727,2
44728,2
44729,2
45062,2
45507,2
45514,2
45542,2
45558,2
45708,2
45781,2
45856,2
45933,2
46042,2
46045,2
46051,2
46052,2
46065,2
46075,2
46125,2
46133,2
46153,2
46285,2
46422,2
864,5
956,5
957,5
958,5
959,5
960,5
961,5
962,5
963,5
964,5
965,5
966,5
969,5
971,5
972,5
975,5
976,5
977,5
978,5
983,5
984,5
985,5
986,5
987,5
988,5
989,5
1000,5
1001,5
1004,5
1006,5
1007,5
1008,5
1218,5
1253,5
1254,5
1261,5
1262,5
1266,5
1272,5
1462,5
1464,5
3112,5
3165,5
3566,5
4202,5
4205,5
4211,5
4245,5
4530,5
4541,5
4545,5
4879,5
5398,5
5642,5
6096,5
6783,5
10234,5
10237,5
10243,5
10326,5
10416,5
11746,5
12359,5
12837,5
13542,5
14946,5
15864,5
16260,5
16386,5
17037,5
17368,5
17369,5
17370,5
17445,5
17525,5
17541,5
18414,5
19706,5
19736,5
20447,5
20794,5
22059,5
22202,5
22203,5
22532,5
25143,5
25446,5
25849,5
25851,5
25852,5
25853,5
25855,5
25959,5
25991,5
26025,5
26037,5
26134,5
26604,5
27440,5
27683,5
27998,5
31035,5
31483,5
33248,5
34356,5
34391,5
34419,5
34424,5
34426,5
34447,5
34680,5
34753,5
34796,5
34965,5
35174,5
35440,5
35784,5
35863,5
35864,5
37882,5
37962,5
37972,5
37978,5
38093,5
38966,5
39411,5
40439,5
40581,5
41312,5
41553,5
42235,5
42716,5
43219,5
43223,5
43226,5
44525,5
44528,5
44530,5
44532,5
44533,5
44534,5
44535,5
44537,5
44539,5
44540,5
44541,5
44542,5
44543,5
44544,5
44545,5
44546,5
44611,5
44641,5
44642,5
44644,5
44646,5
44654,5
44814,5
44830,5
44839,5
44840,5
44841,5
44850,5
44851,5
44852,5
44853,5
44885,5
44908,5
44909,5
44910,5
44914,5
44945,5
44947,5
44948,5
44956,5
45003,5
45010,5
45017,5
45018,5
45029,5
45030,5
45031,5
45032,5
45033,5
45034,5
45035,5
45048,5
45053,5
45054,5
45058,5
45070,5
45071,5
45072,5
45110,5
45115,5
45126,5
45127,5
45129,5
45153,5
45165,5
45175,5
45185,5
45209,5
45226,5
45266,5
45287,5
45288,5
45299,5
45306,5
45308,5
45328,5
45356,5
45385,5
45386,5
45402,5
45434,5
45443,5
45446,5
45458,5
45484,5
45487,5
45488,5
45497,5
45498,5
45554,5
45569,5
45570,5
45575,5
45579,5
45676,5
45677,5
45678,5
45710,5
45725,5
45733,5
45767,5
45775,5
45795,5
45806,5
45833,5
45884,5
45907,5
45908,5
45911,5
45920,5
45926,5
45930,5
45931,5
45932,5
45976,5
45978,5
45982,5
45984,5
45992,5
46025,5
46040,5
46094,5
46119,5
46132,5
46136,5
46144,5
46180,5
46181,5
46182,5
46183,5
46184,5
46186,5
46187,5
46188,5
46189,5
46190,5
46225,5
46233,5
46315,5
46389,5
46423,5
46489,5
46533,5
818,4
822,4
824,4
825,4
828,4
829,4
830,4
1220,4
1221,4
1222,4
1223,4
1224,4
1225,4
1227,4
1229,4
1230,4
1623,4
1627,4
3503,4
3536,4
3909,4
4163,4
4379,4
4526,4
4533,4
4539,4
4540,4
4544,4
5103,4
5110,4
5234,4
5308,4
5462,4
5471,4
6030,4
6085,4
6443,4
6456,4
6637,4
6726,4
6745,4
7172,4
8307,4
8335,4
8659,4
10010,4
10869,4
11147,4
11363,4
11638,4
12171,4
12318,4
12839,4
13048,4
13129,4
13130,4
13429,4
13440,4
13652,4
14333,4
14375,4
14382,4
14456,4
14457,4
14746,4
15221,4
15288,4
15304,4
15563,4
15640,4
16055,4
16556,4
17321,4
17322,4
17570,4
17910,4
18198,4
18224,4
18684,4
18686,4
18716,4
18769,4
18855,4
19043,4
19407,4
19488,4
19554,4
19737,4
19740,4
19920,4
20326,4
20441,4
20639,4
21160,4
21800,4
21859,4
22111,4
22158,4
23162,4
23659,4
23662,4
24403,4
25192,4
25635,4
26131,4
26242,4
26533,4
26758,4
26775,4
26829,4
27402,4
27562,4
29377,4
29974,4
29975,4
29976,4
30305,4
30331,4
30469,4
30488,4
30497,4
30569,4
30584,4
30644,4
30645,4
31284,4
31630,4
31637,4
32852,4
32854,4
33910,4
33911,4
33966,4
34264,4
34307,4
34330,4
34342,4
34368,4
34408,4
34423,4
34575,4
34578,4
34579,4
34580,4
34588,4
34678,4
34679,4
34713,4
34714,4
34916,4
34936,4
35152,4
35153,4
35162,4
35163,4
37817,4
37854,4
38952,4
38968,4
39066,4
39075,4
39085,4
40484,4
40494,4
40505,4
40525,4
40601,4
41842,4
41891,4
41925,4
42044,4
42046,4
43205,4
43238,4
43243,4
43313,4
43319,4
43320,4
43354,4
43488,4
44549,4
44550,4
44551,4
44552,4
44553,4
44554,4
44555,4
44557,4
44558,4
44559,4
44560,4
44561,4
44562,4
44563,4
44564,4
44649,4
44650,4
44651,4
44819,4
44918,4
44919,4
44920,4
44921,4
44922,4
44923,4
44924,4
44931,4
44932,4
45028,4
45060,4
45063,4
45064,4
45065,4
45066,4
45067,4
45068,4
45069,4
45101,4
45102,4
45103,4
45104,4
45105,4
45106,4
45107,4
45114,4
45137,4
45143,4
45144,4
45228,4
45237,4
45238,4
45280,4
45300,4
45348,4
45382,4
45384,4
45393,4
45394,4
45408,4
45409,4
45411,4
45444,4
45445,4
45463,4
45465,4
45467,4
45483,4
45490,4
45528,4
45534,4
45535,4
45543,4
45552,4
45777,4
45782,4
45783,4
45784,4
45796,4
45797,4
45798,4
45799,4
45800,4
45801,4
45802,4
45803,4
45804,4
45808,4
45809,4
45811,4
45812,4
45813,4
45815,4
45816,4
45817,4
45822,4
45823,4
45824,4
45825,4
45826,4
45832,4
46113,4
46114,4
46115,4
46140,4
46147,4
46148,4
46149,4
46150,4
46174,4
46318,4
848,13
1274,13
1276,13
1277,13
1316,13
1317,13
1318,13
1319,13
1320,13
1321,13
1322,13
1323,13
1324,13
1325,13
1326,13
1327,13
1328,13
1329,13
1330,13
1331,13
1332,13
1333,13
1334,13
1335,13
1336,13
1337,13
1338,13
1339,13
1340,13
1341,13
1342,13
1343,13
1344,13
1345,13
1346,13
1347,13
1348,13
1349,13
1350,13
1351,13
1352,13
1353,13
1354,13
1355,13
1356,13
1357,13
1358,13
1359,13
1360,13
1361,13
1362,13
1363,13
1364,13
1981,13
2484,13
3183,13
3359,13
3580,13
5002,13
5004,13
6149,13
6150,13
6151,13
7368,13
7370,13
8145,13
10455,13
10711,13
13709,13
14640,13
15233,13
15483,13
15484,13
15495,13
15496,13
15788,13
16154,13
17119,13
17240,13
17435,13
17438,13
17442,13
17695,13
17816,13
17838,13
18073,13
18332,13
18581,13
18965,13
19153,13
20769,13
22145,13
24903,13
24978,13
26360,13
26363,13
28232,13
28258,13
28260,13
28924,13
30226,13
30268,13
31320,13
32875,13
32904,13
32911,13
33329,13
33922,13
34705,13
34706,13
34737,13
34739,13
34814,13
34836,13
34883,13
34884,13
34889,13
34897,13
34923,13
34957,13
34959,13
34960,13
34961,13
34985,13
35064,13
35136,13
35141,13
35166,13
35170,13
37667,13
38760,13
39100,13
39238,13
39274,13
40000,13
40006,13
40489,13
40596,13
40617,13
40626,13
40645,13
40672,13
41929,13
41950,13
41953,13
41955,13
41958,13
41981,13
41996,13
42005,13
42033,13
42036,13
42037,13
42051,13
42999,13
43350,13
43373,13
43389,13
43400,13
43402,13
43404,13
43415,13
43420,13
43427,13
43428,13
43429,13
43431,13
43460,13
43491,13
44409,13
44475,13
45189,13
45214,13
45340,13
45419,13
45420,13
45421,13
45422,13
45423,13
45424,13
45489,13
45527,13
46004,13
46007,13
46302,13
9,14
10,14
13,14
15,14
16,14
20,14
124,14
153,14
160,14
191,14
192,14
193,14
206,14
207,14
209,14
228,14
230,14
231,14
233,14
234,14
236,14
238,14
248,14
1280,14
1281,14
1283,14
1285,14
1286,14
1287,14
1291,14
1295,14
1443,14
2815,14
2818,14
3254,14
4060,14
4062,14
4666,14
4812,14
4914,14
5090,14
5116,14
5410,14
5411,14
5434,14
5573,14
5630,14
5698,14
5741,14
5742,14
5743,14
5744,14
5745,14
6033,14
6148,14
6368,14
6596,14
6597,14
6598,14
7717,14
8062,14
8221,14
8551,14
8859,14
8874,14
8877,14
8924,14
8931,14
9222,14
9223,14
9434,14
9491,14
9502,14
9588,14
9594,14
9644,14
9645,14
9682,14
9696,14
9715,14
9716,14
9750,14
9793,14
9875,14
9969,14
9980,14
10238,14
10336,14
10425,14
10730,14
10855,14
11162,14
11275,14
11483,14
12357,14
12858,14
12885,14
12886,14
12949,14
12951,14
13538,14
13586,14
13887,14
14181,14
14267,14
14404,14
14599,14
14829,14
15014,14
15806,14
15882,14
16280,14
16448,14
16626,14
16872,14
16950,14
17076,14
17078,14
17184,14
17647,14
17648,14
18026,14
18029,14
18200,14
18354,14
18355,14
18463,14
18893,14
19026,14
19027,14
19142,14
19166,14
19366,14
19367,14
19719,14
20459,14
20460,14
20461,14
20462,14
20465,14
20565,14
20569,14
20571,14
20572,14
20588,14
20962,14
21069,14
21070,14
21145,14
21146,14
21181,14
21182,14
21184,14
21364,14
21573,14
21698,14
21699,14
21773,14
21886,14
22077,14
22143,14
22315,14
22691,14
22847,14
22904,14
23087,14
23129,14
23130,14
23539,14
23632,14
23633,14
23693,14
24383,14
24384,14
24626,14
25539,14
26343,14
26587,14
26687,14
26931,14
27917,14
27945,14
27946,14
27956,14
27957,14
28091,14
28286,14
29085,14
29788,14
30131,14
30208,14
30462,14
30555,14
30577,14
30630,14
30929,14
30930,14
31120,14
31378,14
31661,14
31662,14
31815,14
31880,14
31883,14
32249,14
32560,14
32561,14
32723,14
32752,14
32766,14
32782,14
32789,14
32794,14
32800,14
32806,14
32877,14
32889,14
33342,14
33360,14
33390,14
33977,14
33985,14
33986,14
34105,14
34107,14
34111,14
34119,14
34125,14
34130,14
34593,14
34603,14
34613,14
34625,14
34638,14
34657,14
34661,14
34674,14
34709,14
34775,14
34788,14
34803,14
35093,14
35104,14
35149,14
35306,14
35307,14
35313,14
35317,14
35322,14
35327,14
35328,14
35330,14
35338,14
35341,14
35371,14
35403,14
35407,14
35504,14
35539,14
35541,14
35552,14
35567,14
35590,14
35621,14
35625,14
35632,14
35637,14
35646,14
35655,14
35656,14
35661,14
35665,14
35667,14
35669,14
35678,14
35688,14
35689,14
35695,14
35702,14
35706,14
35721,14
35731,14
35737,14
35743,14
35767,14
35778,14
35813,14
35866,14
35891,14
35912,14
35916,14
35917,14
35948,14
35963,14
35964,14
35968,14
35978,14
35979,14
35989,14
35993,14
36000,14
36018,14
36020,14
36022,14
36031,14
36035,14
36251,14
36269,14
36275,14
38102,14
38730,14
38747,14
39040,14
39053,14
39074,14
39098,14
39111,14
39230,14
39301,14
39352,14
39358,14
39364,14
39369,14
39375,14
39379,14
39395,14
39398,14
39406,14
39407,14
39437,14
39441,14
39442,14
39449,14
39466,14
39472,14
39482,14
39498,14
39978,14
39992,14
40506,14
40514,14
40524,14
40559,14
40573,14
40701,14
40706,14
40710,14
40777,14
40778,14
40780,14
40784,14
40788,14
40802,14
40815,14
40818,14
40827,14
40828,14
40834,14
40843,14
40858,14
40889,14
40900,14
40908,14
40911,14
40914,14
40916,14
40917,14
41548,14
41549,14
41573,14
41893,14
41899,14
42018,14
42096,14
42128,14
42133,14
42150,14
42156,14
42158,14
42163,14
42168,14
42175,14
42180,14
42193,14
42226,14
42234,14
42238,14
42264,14
42267,14
42278,14
42283,14
42286,14
42288,14
42289,14
42293,14
42311,14
42312,14
42343,14
42964,14
42982,14
43293,14
43302,14
43311,14
43318,14
43324,14
43409,14
43449,14
43454,14
43474,14
43537,14
43540,14
43549,14
43595,14
43604,14
43611,14
43614,14
43619,14
43787,14
43792,14
43805,14
43814,14
43819,14
43830,14
43866,14
43867,14
43877,14
43879,14
43953,14
44243,14
44414,14
44825,14
44856,14
44857,14
44888,14
44926,14
44928,14
44929,14
45052,14
45055,14
45078,14
45090,14
45116,14
45158,14
45159,14
45161,14
45167,14
45190,14
45232,14
45239,14
45249,14
45250,14
45286,14
45310,14
45313,14
45326,14
45335,14
45407,14
45439,14
45515,14
45525,14
45563,14
45567,14
45609,14
45648,14
45661,14
45685,14
45703,14
45704,14
45716,14
45731,14
45735,14
45736,14
45776,14
45780,14
45814,14
45818,14
45828,14
45958,14
45959,14
45961,14
45994,14
46024,14
46028,14
46053,14
46058,14
46077,14
46134,14
46170,14
46176,14
46177,14
46194,14
46229,14
46234,14
46276,14
46277,14
46278,14
46331,14
46499,14
900,11
903,11
912,11
913,11
914,11
915,11
916,11
917,11
918,11
919,11
920,11
1069,11
1070,11
1071,11
1072,11
1073,11
1074,11
1075,11
1076,11
1077,11
1078,11
1079,11
1124,11
1125,11
1126,11
1471,11
1472,11
1473,11
1474,11
1475,11
1476,11
1478,11
1479,11
1480,11
1481,11
1482,11
1483,11
1484,11
1488,11
1504,11
1534,11
1535,11
1536,11
1537,11
1538,11
1539,11
1540,11
1543,11
1544,11
1554,11
1555,11
1568,11
1571,11
1572,11
2222,11
2232,11
2239,11
2243,11
2248,11
2251,11
2254,11
2258,11
2263,11
2267,11
2270,11
2271,11
2274,11
2277,11
2283,11
2287,11
2290,11
2295,11
2308,11
2325,11
2331,11
2353,11
2356,11
2377,11
2380,11
2405,11
2414,11
2434,11
2453,11
2467,11
2481,11
2825,11
2826,11
2860,11
2934,11
2935,11
2936,11
3259,11
3976,11
4076,11
4590,11
5042,11
5550,11
5555,11
5917,11
6420,11
6681,11
7171,11
7514,11
8282,11
8283,11
8284,11
8285,11
8648,11
9399,11
9579,11
9581,11
9649,11
9718,11
9774,11
9775,11
10161,11
10724,11
10729,11
10761,11
10762,11
10764,11
10935,11
10980,11
11238,11
11768,11
11923,11
12179,11
12181,11
12185,11
12506,11
13182,11
13350,11
14551,11
15012,11
15268,11
15322,11
15324,11
15599,11
15748,11
16272,11
16548,11
18655,11
19609,11
20627,11
20925,11
21158,11
21508,11
21772,11
22076,11
22309,11
22310,11
22411,11
22860,11
22978,11
22992,11
23239,11
23517,11
24071,11
25236,11
25254,11
25320,11
25823,11
25826,11
25861,11
25917,11
25936,11
26574,11
26575,11
26576,11
26577,11
27024,11
27552,11
27815,11
27843,11
28400,11
29760,11
30115,11
30116,11
30495,11
30558,11
30858,11
31026,11
33975,11
33988,11
34121,11
34133,11
35079,11
35197,11
35255,11
35266,11
35281,11
35375,11
35397,11
35648,11
35725,11
35765,11
35847,11
35852,11
36007,11
36073,11
36172,11
36220,11
36252,11
36265,11
36354,11
36390,11
36405,11
36550,11
36553,11
36560,11
36576,11
36581,11
36869,11
37034,11
37038,11
37654,11
37742,11
37751,11
37771,11
37911,11
38022,11
38023,11
38084,11
38192,11
38293,11
39292,11
39327,11
39373,11
39427,11
39575,11
39585,11
39664,11
40048,11
40092,11
40519,11
40751,11
40845,11
40853,11
40957,11
41020,11
41021,11
41030,11
41040,11
41078,11
41080,11
41090,11
42054,11
42325,11
42369,11
42386,11
42398,11
42407,11
42413,11
42492,11
42795,11
43499,11
43524,11
43528,11
43545,11
43665,11
43772,11
43821,11
43941,11
43950,11
43971,11
43990,11
43997,11
44077,11
44082,11
44225,11
44477,11
44478,11
44479,11
44481,11
44482,11
44484,11
44486,11
44487,11
44488,11
44489,11
44496,11
44500,11
44501,11
44502,11
44506,11
44507,11
44508,11
44509,11
44510,11
44511,11
44512,11
44513,11
44514,11
44515,11
44516,11
44520,11
44521,11
44522,11
44523,11
44524,11
44565,11
44566,11
44567,11
44568,11
44570,11
44571,11
44572,11
44573,11
44574,11
44575,11
44576,11
44577,11
44579,11
44580,11
44581,11
44586,11
44588,11
44589,11
44590,11
44592,11
44598,11
44603,11
44604,11
44608,11
44610,11
44612,11
44613,11
44614,11
44616,11
44618,11
44619,11
44621,11
44623,11
44624,11
44625,11
44626,11
44627,11
44628,11
44629,11
44630,11
44631,11
44632,11
44634,11
44635,11
44636,11
44657,11
44661,11
44662,11
44663,11
44664,11
44821,11
44822,11
44823,11
44854,11
44882,11
44891,11
44892,11
44896,11
44912,11
44958,11
44960,11
44968,11
44969,11
44970,11
44971,11
44972,11
44973,11
44974,11
44975,11
44976,11
44977,11
44978,11
44979,11
44980,11
44981,11
44983,11
44984,11
44985,11
44987,11
45000,11
45001,11
45006,11
45024,11
45036,11
45037,11
45039,11
45049,11
45059,11
45083,11
45088,11
45118,11
45120,11
45133,11
45134,11
45140,11
45141,11
45145,11
45146,11
45160,11
45166,11
45173,11
45174,11
45193,11
45194,11
45197,11
45210,11
45259,11
45318,11
45353,11
45358,11
45359,11
45361,11
45365,11
45366,11
45368,11
45369,11
45370,11
45372,11
45373,11
45374,11
45375,11
45425,11
45438,11
45478,11
45485,11
45492,11
45496,11
45519,11
45523,11
45536,11
45561,11
45584,11
45585,11
45586,11
45587,11
45588,11
45592,11
45608,11
45619,11
45623,11
45630,11
45657,11
45684,11
45702,11
45717,11
45740,11
45741,11
45743,11
45745,11
45762,11
45766,11
45772,11
45773,11
45778,11
45807,11
45821,11
45837,11
45858,11
45866,11
45887,11
45912,11
45921,11
45928,11
45934,11
45936,11
45940,11
45941,11
45943,11
45950,11
45952,11
45954,11
45955,11
45956,11
45957,11
45963,11
45964,11
45965,11
45966,11
45967,11
45968,11
45969,11
45970,11
45971,11
46037,11
46043,11
46046,11
46049,11
46050,11
46054,11
46057,11
46061,11
46062,11
46063,11
46095,11
46097,11
46151,11
46157,11
46166,11
46172,11
46200,11
46201,11
46202,11
46203,11
46204,11
46205,11
46206,11
46207,11
46249,11
46250,11
46357,11
46397,11
46512,11
46522,11
42,1
43,1
44,1
45,1
46,1
47,1
53,1
54,1
56,1
59,1
62,1
69,1
72,1
144,1
146,1
156,1
157,1
158,1
159,1
1382,1
1402,1
1987,1
1989,1
1991,1
1992,1
1993,1
1994,1
1995,1
1996,1
1997,1
1998,1
1999,1
2000,1
2001,1
2002,1
2003,1
2004,1
2005,1
2006,1
2007,1
2008,1
2009,1
2010,1
2501,1
2511,1
2814,1
2937,1
2964,1
3210,1
3472,1
3600,1
3887,1
5169,1
6097,1
6702,1
7044,1
8295,1
9631,1
9656,1
10663,1
10938,1
11206,1
11265,1
11626,1
11893,1
12072,1
13407,1
13426,1
14408,1
14839,1
15807,1
15945,1
16946,1
16948,1
17659,1
17704,1
17752,1
18180,1
18239,1
18313,1
18580,1
18582,1
18849,1
18926,1
18928,1
20330,1
20466,1
20528,1
20629,1
20759,1
22098,1
22423,1
22528,1
24468,1
24702,1
25652,1
26772,1
27255,1
28031,1
28547,1
30003,1
30083,1
30486,1
30656,1
30705,1
30746,1
30749,1
32354,1
32756,1
32760,1
32872,1
32892,1
32903,1
33296,1
33367,1
33914,1
33918,1
34069,1
34641,1
34718,1
34722,1
34766,1
34855,1
34868,1
34876,1
34938,1
34991,1
35003,1
35005,1
35007,1
35011,1
35016,1
35017,1
35023,1
35027,1
35054,1
35084,1
35087,1
35116,1
35122,1
35125,1
35131,1
35134,1
35143,1
35147,1
35172,1
35177,1
35181,1
35259,1
35357,1
35420,1
35457,1
35475,1
35499,1
35535,1
35572,1
35576,1
35651,1
35653,1
35677,1
39080,1
39099,1
39246,1
39247,1
39249,1
39253,1
39329,1
39337,1
39365,1
39977,1
39979,1
39996,1
40181,1
40532,1
40614,1
40641,1
40642,1
40643,1
40670,1
40673,1
40675,1
40679,1
40687,1
40698,1
40759,1
40762,1
41911,1
41919,1
41931,1
41949,1
41964,1
41989,1
42040,1
42042,1
42045,1
42104,1
43332,1
43450,1
43452,1
43469,1
43472,1
43479,1
43480,1
43490,1
43492,1
43497,1
43513,1
43590,1
44838,1
44942,1
45040,1
45183,1
45230,1
45242,1
45344,1
45392,1
45400,1
45453,1
45545,1
45618,1
45632,1
45734,1
45794,1
45881,1
45882,1
45901,1
45918,1
45937,1
45973,1
46018,1
46098,1
46130,1
46248,1
46292,1
46309,1
46310,1
46311,1
46313,1
46317,1
46321,1
46427,1
46537,1
77,10
78,10
80,10
81,10
82,10
1197,10
1984,10
1986,10
4924,10
7016,10
7838,10
10503,10
12710,10
12711,10
15402,10
21913,10
22979,10
23287,10
23984,10
24199,10
24322,10
26348,10
28723,10
29642,10
33356,10
33357,10
33370,10
33398,10
33399,10
33981,10
35233,10
35274,10
35388,10
35523,10
35555,10
35561,10
35562,10
35581,10
35583,10
35584,10
35606,10
35638,10
35675,10
35686,10
35690,10
35829,10
35929,10
35959,10
35973,10
36051,10
36314,10
36426,10
39298,10
39362,10
39393,10
39429,10
40696,10
40797,10
40833,10
40836,10
40880,10
40894,10
41972,10
41974,10
42068,10
42145,10
42185,10
42188,10
42190,10
42246,10
42265,10
43538,10
43571,10
43809,10
43841,10
43850,10
45345,10
46078,10
46079,10
46080,10
46081,10
46082,10
46083,10
46297,10
46325,10
46336,10
46431,10
46433,10
46458,10
3462,9
8527,9
9023,9
13101,9
13102,9
13103,9
16540,9
16570,9
18011,9
20448,9
22194,9
22842,9
25797,9
27047,9
27271,9
28897,9
28910,9
28998,9
28999,9
29327,9
29343,9
29354,9
31148,9
31229,9
32090,9
32707,9
32717,9
33992,9
33996,9
33998,9
34000,9
34001,9
34784,9
34794,9
34812,9
35782,9
35786,9
35820,9
35880,9
35881,9
35883,9
35893,9
35969,9
36102,9
36105,9
36147,9
36229,9
36230,9
36267,9
36276,9
36294,9
36296,9
36344,9
36418,9
36454,9
36473,9
36474,9
36476,9
36525,9
36530,9
36531,9
36563,9
36570,9
36595,9
36596,9
36600,9
36601,9
36611,9
36619,9
36696,9
36722,9
36746,9
36750,9
36763,9
36771,9
36782,9
36787,9
36789,9
36806,9
36824,9
36848,9
36973,9
37024,9
37067,9
37071,9
37072,9
37073,9
37087,9
37089,9
37112,9
37123,9
37492,9
37649,9
37737,9
37740,9
38126,9
38277,9
38372,9
39117,9
39140,9
39144,9
39188,9
39291,9
39494,9
39497,9
39499,9
39504,9
39531,9
39532,9
39550,9
39561,9
39562,9
39563,9
39621,9
39631,9
39654,9
39660,9
40059,9
40569,9
40574,9
40595,9
40800,9
40860,9
40948,9
40992,9
40993,9
41001,9
41047,9
41050,9
41066,9
41068,9
41136,9
41150,9
41152,9
41317,9
41343,9
41399,9
42212,9
42252,9
42269,9
42294,9
42337,9
42358,9
42376,9
42380,9
42406,9
42449,9
42451,9
42470,9
42572,9
42573,9
42756,9
42760,9
43674,9
43822,9
43836,9
43843,9
43845,9
43892,9
43925,9
43961,9
43973,9
44076,9
44083,9
44123,9
44140,9
44156,9
44161,9
44168,9
44175,9
44964,9
45043,9
45284,9
45285,9
45827,9
46106,9
46109,9
46110,9
46112,9
46118,9
46328,9
46339,9
46400,9
46513,9
121,8
1409,8
1410,8
1874,8
8750,8
22829,8
23322,8
23719,8
23973,8
24438,8
29784,8
30709,8
33973,8
34881,8
35204,8
35794,8
35924,8
36126,8
36164,8
36188,8
36270,8
36372,8
36467,8
36496,8
36498,8
36708,8
36709,8
36716,8
36855,8
36857,8
36873,8
36885,8
36960,8
36975,8
37010,8
37079,8
37110,8
37111,8
37148,8
37150,8
37392,8
37396,8
37414,8
37479,8
37758,8
37912,8
38000,8
38111,8
38113,8
38189,8
38209,8
38227,8
38235,8
38278,8
38287,8
38343,8
38426,8
38523,8
38540,8
38602,8
38603,8
38606,8
38663,8
38673,8
38674,8
38692,8
38693,8
39211,8
39433,8
39545,8
39630,8
39641,8
39668,8
39671,8
39765,8
39769,8
39791,8
39856,8
39879,8
40067,8
40684,8
40936,8
41025,8
41031,8
41051,8
41158,8
41159,8
41172,8
41200,8
41228,8
41324,8
41376,8
41411,8
41433,8
41438,8
41450,8
41477,8
42225,8
42313,8
42384,8
42394,8
42411,8
42418,8
42535,8
42575,8
42585,8
42619,8
42620,8
42645,8
42811,8
42842,8
42856,8
42867,8
43644,8
43673,8
43829,8
43842,8
43946,8
44001,8
44016,8
44073,8
44100,8
44360,8
44368,8
44411,8
44652,8
44951,8
46145,8
46343,8
46346,8
46437,8
46511,8
46515,8
46519,8
256,15
257,15
266,15
267,15
268,15
269,15
270,15
272,15
273,15
274,15
296,15
301,15
302,15
382,15
430,15
535,15
559,15
615,15
617,15
618,15
619,15
620,15
628,15
675,15
753,15
754,15
755,15
756,15
757,15
758,15
759,15
760,15
761,15
762,15
763,15
764,15
765,15
766,15
767,15
785,15
786,15
787,15
788,15
789,15
790,15
791,15
794,15
795,15
802,15
805,15
806,15
807,15
808,15
809,15
810,15
812,15
813,15
814,15
1880,15
1882,15
1884,15
1927,15
1928,15
2240,15
2241,15
2244,15
2247,15
2958,15
3232,15
3968,15
4014,15
5670,15
5675,15
5676,15
5677,15
5680,15
5682,15
5683,15
5684,15
5685,15
5712,15
5716,15
5760,15
5761,15
6279,15
6822,15
7688,15
7689,15
8345,15
8699,15
8719,15
9195,15
9437,15
9499,15
9521,15
9626,15
9726,15
9762,15
10007,15
10141,15
10719,15
10732,15
11020,15
11276,15
12074,15
12241,15
12328,15
12369,15
13843,15
14109,15
15862,15
15894,15
16622,15
18209,15
18753,15
18839,15
18941,15
18942,15
18943,15
19380,15
19381,15
19462,15
19834,15
19849,15
20631,15
20865,15
21511,15
21523,15
21524,15
24042,15
24043,15
24540,15
24798,15
24926,15
25122,15
25561,15
25591,15
25593,15
25925,15
25926,15
26370,15
26619,15
26620,15
26621,15
27146,15
28521,15
28569,15
28957,15
30256,15
30286,15
30313,15
30570,15
30571,15
31245,15
31246,15
31440,15
31519,15
31520,15
32280,15
33451,15
36876,15
36900,15
36918,15
36962,15
36963,15
36964,15
36965,15
36966,15
37143,15
37164,15
37210,15
37211,15
37224,15
37225,15
37229,15
37310,15
37314,15
37315,15
37318,15
37322,15
37323,15
37324,15
37325,15
37346,15
37368,15
37404,15
37405,15
37406,15
37407,15
37417,15
37420,15
37450,15
37472,15
37473,15
37535,15
37537,15
37538,15
37578,15
37584,15
37783,15
37825,15
37826,15
37830,15
37846,15
37918,15
37949,15
37954,15
37957,15
38031,15
38032,15
38033,15
38035,15
38038,15
38050,15
38054,15
38057,15
38061,15
38068,15
38071,15
38072,15
38153,15
38172,15
38178,15
38180,15
38241,15
38253,15
38255,15
38257,15
38258,15
38261,15
38267,15
38269,15
38273,15
38328,15
38329,15
38330,15
38331,15
38332,15
38336,15
38337,15
38338,15
38380,15
38385,15
38386,15
38387,15
38388,15
38389,15
38390,15
38404,15
38467,15
38478,15
38484,15
38515,15
38563,15
38593,15
38613,15
38616,15
38618,15
38690,15
39161,15
39162,15
39684,15
39693,15
39725,15
39732,15
39782,15
39817,15
39847,15
39867,15
39869,15
39925,15
39928,15
39947,15
40008,15
40022,15
40043,15
40063,15
40080,15
40082,15
40085,15
40102,15
40120,15
41184,15
41185,15
41218,15
41221,15
41268,15
41296,15
41326,15
41329,15
41332,15
41334,15
41336,15
41337,15
41359,15
41366,15
41369,15
41370,15
41371,15
41395,15
41403,15
41406,15
41441,15
41464,15
41465,15
42512,15
42515,15
42530,15
42531,15
42532,15
42591,15
42592,15
42635,15
42647,15
42649,15
42706,15
42709,15
42739,15
42740,15
42768,15
42779,15
42784,15
42786,15
42806,15
42808,15
42809,15
42851,15
43620,15
43622,15
43623,15
43624,15
43634,15
43637,15
43683,15
43705,15
43707,15
43709,15
43711,15
43715,15
43745,15
43746,15
43753,15
44113,15
44127,15
44208,15
44230,15
44231,15
44259,15
44263,15
44264,15
44265,15
44276,15
44277,15
44278,15
44312,15
44317,15
44318,15
44330,15
44335,15
44380,15
44390,15
44418,15
44422,15
44423,15
44424,15
44425,15
44426,15
44427,15
44428,15
44429,15
44430,15
44431,15
44432,15
44433,15
44434,15
44435,15
44436,15
44437,15
44438,15
44439,15
44440,15
44441,15
44442,15
44443,15
44444,15
44445,15
44446,15
44447,15
44448,15
44449,15
44450,15
44451,15
44452,15
44453,15
44454,15
44455,15
44456,15
44458,15
44459,15
44460,15
44461,15
44462,15
44463,15
44464,15
44465,15
44466,15
44467,15
44468,15
44469,15
44470,15
44471,15
44472,15
44798,15
44799,15
44801,15
44803,15
44812,15
44815,15
44816,15
44817,15
44826,15
44827,15
44844,15
44847,15
44858,15
44859,15
44860,15
44864,15
44894,15
44895,15
44897,15
44898,15
44899,15
44900,15
44901,15
44902,15
44915,15
44989,15
45002,15
45008,15
45011,15
45074,15
45077,15
45125,15
45130,15
45131,15
45132,15
45142,15
45156,15
45157,15
45176,15
45191,15
45211,15
45219,15
45220,15
45221,15
45236,15
45271,15
45272,15
45273,15
45274,15
45278,15
45315,15
45317,15
45329,15
45338,15
45339,15
45347,15
45376,15
45380,15
45396,15
45397,15
45398,15
45399,15
45404,15
45415,15
45416,15
45429,15
45430,15
45432,15
45435,15
45436,15
45449,15
45450,15
45468,15
45471,15
45540,15
45551,15
45562,15
45565,15
45566,15
45594,15
45595,15
45596,15
45597,15
45600,15
45604,15
45605,15
45606,15
45607,15
45610,15
45611,15
45612,15
45616,15
45617,15
45626,15
45633,15
45634,15
45675,15
45686,15
45691,15
45692,15
45693,15
45694,15
45695,15
45696,15
45699,15
45700,15
45706,15
45713,15
45714,15
45721,15
45722,15
45723,15
45724,15
45744,15
45750,15
45751,15
45752,15
45753,15
45754,15
45755,15
45756,15
45757,15
45758,15
45759,15
45760,15
45761,15
45763,15
45765,15
45774,15
45785,15
45786,15
45787,15
45831,15
45835,15
45838,15
45842,15
45857,15
45876,15
45892,15
45900,15
45910,15
45913,15
45923,15
45924,15
45925,15
45942,15
45945,15
45947,15
45948,15
45975,15
45977,15
45983,15
46008,15
46009,15
46010,15
46011,15
46012,15
46013,15
46014,15
46015,15
46016,15
46017,15
46039,15
46089,15
46099,15
46100,15
46101,15
46102,15
46103,15
46104,15
46105,15
46107,15
46108,15
46111,15
46171,15
46178,15
46191,15
46192,15
46208,15
46209,15
46351,15
46352,15
46376,15
46377,15
46379,15
46380,15
46435,15
46443,15
